<?xml version="1.0" encoding="UTF-8" standalone="yes"?>
<service-config
	service-name="{urn:ebay:apis:eBLBaseComponents}ShortURIService"
	group="MarketplaceServiceGroup" xmlns="http://www.ebay.com/soaframework/common/config">
	<service-impl-class-name>com.ebay.app.apisellingextsvc.impl.SOAApiSellingExtSvcImpl
	</service-impl-class-name>
	<service-interface-class-name>com.ebay.app.services.apisellingextsvc.TradingAPIService
	</service-interface-class-name>
	<current-version>1.1.0</current-version>
	<service-instance-config>
		<pipeline-config>
			<request-handlers>
				<chain name="servicehandlers">
					<handler name="ApiSellingExtsvcRequestHandler">
						<class-name>com.ebay.soaframework.extended.spf.impl.handlers.ApiSellingExtsvcRequestHandler
						</class-name>
					</handler>
<!--					//TODO: revist to add ServerCredentialHandler,PolicyEnforcementHandler as in apisellingextsvc-->
					<handler name="ServerCredentialHandler">
						<class-name>com.ebay.soaframework.extended.spf.impl.handlers.ServerCredentialHandler
						</class-name>
						<options>
							<option name="credential-token">X-EBAY-API-IAF-TOKEN</option>
							<!--<option name="credential-iaftoken">X-EBAY-API-IAF-TOKEN</option>-->
							<!--
                            <option name="credential-token">X-EBAY-SOA-SECURITY-TOKEN</option>
                            <option name="credential-appname">X-EBAY-SOA-SECURITY-APPNAME</option>
                             -->
						</options>
					</handler>
					<handler name="PolicyEnforcementHandler">
						<class-name>com.ebay.marketplace.services.policyenforcementservice.handler.PolicyEnforcementHandler
						</class-name>
						<options>
							<!-- <option name="policy-types">AUTHN,RL,AUTHZ</option>  -->
							<option name="policy-types">AUTHN,RL</option>
						</options>
					</handler>
				</chain>
			</request-handlers>
<!--			//TODO: enable below code for response handling later-->
			<response-handlers>
				<chain name="servicehandlers">
					<handler name="ServiceResponseAuthErrorHandler" run-on-error="true">
						<class-name>
							com.ebay.soaframework.extended.spf.impl.handlers.ServiceResponseAuthErrorHandler
						</class-name>
					</handler>
					<handler name="ServiceVersionRemovalHandler">
						<class-name>
							com.ebay.soaframework.extended.spf.impl.handlers.ServiceVersionRemovalHandler
						</class-name>
					</handler>
				</chain>
			</response-handlers>
		</pipeline-config>
		<protocol-processor version="1.1" name="SOAP11">
			<indicator>
				<transport-header name="X-EBAY-SOA-MESSAGE-PROTOCOL">SOAP11</transport-header>
			</indicator>
			<class-name>com.ebay.soaframework.spf.impl.protocolprocessor.soap.ServerSOAPProtocolProcessor
			</class-name>
		</protocol-processor>
		<protocol-processor version="1.2" name="SOAP12">
			<indicator>
				<transport-header name="X-EBAY-SOA-MESSAGE-PROTOCOL">SOAP12</transport-header>
			</indicator>
			<class-name>com.ebay.soaframework.spf.impl.protocolprocessor.soap.ServerSOAPProtocolProcessor
			</class-name>
		</protocol-processor>
	</service-instance-config>
</service-config>
