<configuration>
    <include resource="org/springframework/boot/logging/logback/defaults.xml" />
    <include
        resource="org/springframework/boot/logging/logback/console-appender.xml" />

    <!-- Allow users of this config to optionally include their own configuration -->
    <include optional="true" resource="app-logback-default-config.xml" />

    <root level="error">
        <appender-ref ref="CONSOLE" />
    </root>

    <logger name="org.opensaml.xml.XMLConfigurator" level="error"/>

    <!--<logger name="com.ebay.ap.diagnostic" level="info"/>-->

    <!--<appender class="ch.qos.logback.core.ConsoleAppender" name="STDOUT">-->
    <!--    <layout class="ch.qos.logback.classic.PatternLayout">-->
    <!--        <Pattern>%d{HH:mm:ss.SSS} [%thread] %-5level %logger{40} - %msg%n-->
    <!--        </Pattern>-->
    <!--    </layout>-->
    <!--</appender>-->

    <!--<include resource="com/ebay/kernel/logging/autoconfigure/logback/logback-default.xml"/>-->

    <!--&lt;!&ndash;<logger name="com.ebay.service.test.validation">&ndash;&gt;-->
    <!--&lt;!&ndash;    <level value="DEBUG"/>&ndash;&gt;-->
    <!--&lt;!&ndash;</logger>&ndash;&gt;-->

    <!--&lt;!&ndash;<logger name="com.ebay.ap.diagnostic">&ndash;&gt;-->
    <!--&lt;!&ndash;    <level value="DEBUG"/>&ndash;&gt;-->
    <!--&lt;!&ndash;</logger>&ndash;&gt;-->

    <!--<logger name="com.ebay.ap.executor" level="error"/>-->

    <!--<root level="error">-->
    <!--    <appender-ref ref="STDOUT"/>-->
    <!--    <no_appender-ref ref="LOG"/>-->
    <!--</root>-->

</configuration>
