{
  "id" : "eb3b24fe-552f-4549-bc35-3c2166ef9564",
  "name" : "shp_v2_get_transactions",
  "request" : {
    "url" : "/shp/v2/get_transactions?summary=true&q=orderId%3A27-00047-59343&limit=50&dbType=NUDATA&sort=-lastModifiedDate&payeeId=2402895062",
    "method" : "GET"
  },
  "response" : {
    "status" : 200,
    "body" : "{\"summary\":{\"total\":1,\"offset\":0,\"limit\":50,\"size\":1,\"pageIndex\":1,\"lastPage\":true},\"transactions\":[{\"transactionType\":\"ORDER\",\"transactionStatus\":\"ON_HOLD\",\"transactionId\":\"27-00047-59343\",\"uuid\":\"CAPTURE__27-00047-59343\",\"order\":{\"id\":\"27-00047-59343\",\"url\":\"/sh/ord/details?orderid=27-00047-59343\",\"link\":\"/sh/ord/details?orderid=27-00047-59343\",\"items\":[{\"itemId\":\"110026319168\",\"description\":\"0-Wrist Watch - Optional PSA - MultiQty BIN Only-1640120546671\",\"quantity\":1,\"image\":{\"galleryLink\":\"https://i.qa.ebayimg.com/00/s/MTI4MFg5NjA=/z/Qn0AAOSwap5hwkD0/$_1.JPG?set_id=880000500F\",\"thumbnailLink\":\"https://i.qa.ebayimg.com/thumbs/images/g/Qn0AAOSwap5hwkD0/s-l96.jpg\"},\"lineItemId\":\"10000000240588227\",\"unitPrice\":{\"value\":1999.0,\"currency\":\"USD\"},\"lineItemTotal\":{\"value\":2205.0,\"currency\":\"USD\"},\"transactionId\":\"14555070001\",\"sellerTaxPercentage\":0.0,\"link\":\"/itm/110026319168\"}],\"itemCount\":1,\"reasonOutcome\":\"WAITING\",\"releaseDate\":{\"value\":\"2023-07-20T18:44:01.000Z\"},\"sellerId\":\"2402895062\",\"payFromEntity\":\"EBAY_COMMERCE_INC\",\"payToEntity\":\"EBAY_COMMERCE_INC\",\"creationDate\":{\"value\":\"2023-07-19T18:31:30.000Z\"},\"kycHoldReason\":\"\",\"expectedCmReleaseDate\":{\"value\":\"2023-07-19T18:31:30.000Z\"},\"runningTotal\":{\"value\":2205.0,\"currency\":\"USD\"},\"paymentExecutorId\":\"6279572880\",\"feeNetted\":true},\"buyer\":{\"id\":\"2392653990\",\"displayName\":\"CCS Buyer\",\"username\":\"ccs_buyer_us3\"},\"amount\":{\"value\":2000.0,\"currency\":\"USD\"},\"fees\":{\"value\":-221.25,\"currency\":\"USD\"},\"net\":{\"value\":1778.75,\"currency\":\"USD\"},\"donations\":{\"value\":-10.00,\"currency\":\"USD\"},\"creationDate\":{\"value\":\"2023-07-19T18:32:50.128Z\"},\"lastModifiedDate\":{\"value\":\"2023-07-19T18:32:50.127Z\"},\"hasDetail\":true,\"salesRecordNumber\":0,\"pendingStatus\":0,\"dbType\":\"NUDATA\",\"feeNetted\":true}]}",
    "headers" : {
      "rlogid" : "t6shrtkuuq%60fiiw%3F%3Cwnquosvpd%60jhs.3ec%3B1%60240%3E*gnrk1-1896fe4b2a9-0x234a",
      "x-ebay-request-id" : "1896fe4b-2ad0-a097-51a7-26e3ffff93cf!Ginger.v2.get_transactions.GET!pmtshpsvccont-6cd84f5758-dktl2!r1pmtshpsvccont[]",
      "x-content-type-options" : "nosniff",
      "x-xss-protection" : "1; mode=block",
      "cache-control" : "no-cache, no-store, max-age=0, must-revalidate",
      "pragma" : "no-cache",
      "expires" : "0",
      "x-frame-options" : "DENY",
      "vary" : "accept-encoding",
      "content-type" : "application/json",
      "date" : "Wed, 19 Jul 2023 20:43:26 GMT",
      "x-envoy-upstream-service-time" : "326",
      "server" : "ebay server"
    }
  },
  "uuid" : "eb3b24fe-552f-4549-bc35-3c2166ef9564",
  "persistent" : true
}
