{
  "id" : "d1013221-5b8d-47bc-a162-a1fea3dc1f6a",
  "name" : "shp_v2_get_transactions",
  "request" : {
    "url" : "/shp/v2/get_transactions?summary=true&q=orderId%3A13-00032-38378&limit=50&dbType=NUDATA&sort=-lastModifiedDate&payeeId=2507398440",
    "method" : "GET"
  },
  "response" : {
    "status" : 200,
    "body" : "{\"summary\":{\"total\":1,\"offset\":0,\"limit\":50,\"size\":1,\"pageIndex\":1,\"lastPage\":true},\"transactions\":[{\"transactionType\":\"ORDER\",\"transactionStatus\":\"PROCESSING\",\"transactionId\":\"13-00032-38378\",\"uuid\":\"CAPTURE__13-00032-38378\",\"order\":{\"id\":\"13-00032-38378\",\"url\":\"/sh/ord/details?orderid=13-00032-38378\",\"link\":\"/sh/ord/details?orderid=13-00032-38378\",\"items\":[{\"itemId\":\"110031799579\",\"description\":\"CBT Take Home Pay Test\",\"quantity\":1,\"image\":{\"galleryLink\":\"https://i.qa.ebayimg.com/00/s/ODUzWDEyODA=/z/RdkAAOSwkoBi0clE/$_57.JPG?set_id=8800005007\",\"thumbnailLink\":\"https://i.qa.ebayimg.com/thumbs/images/g/RdkAAOSwkoBi0clE/s-l96.jpg\"},\"lineItemId\":\"10000000134457413\",\"unitPrice\":{\"value\":5.0,\"currency\":\"GBP\"},\"lineItemTotal\":{\"value\":6.0,\"currency\":\"GBP\"},\"transactionId\":\"12002591001\",\"sellerTaxPercentage\":0.0,\"link\":\"/itm/110031799579\"}],\"itemCount\":1,\"sellerId\":\"2507398440\",\"payFromEntity\":\"EBAY_COMMERCE_INC\",\"payToEntity\":\"EBAY_COMMERCE_UK_LTD\",\"creationDate\":{\"value\":\"2022-08-17T19:01:49.000Z\"},\"kycHoldReason\":\"\",\"expectedCmReleaseDate\":{\"value\":\"2022-08-17T19:01:49.000Z\"},\"runningTotal\":{\"value\":6.0,\"currency\":\"GBP\"},\"paymentExecutorId\":\"5288724033\",\"feeNetted\":true},\"buyer\":{\"id\":\"2668247506\",\"displayName\":\"sa sa\",\"username\":\"exportsbuyeruk\"},\"amount\":{\"value\":5.0,\"currency\":\"GBP\"},\"fees\":{\"value\":-1.05,\"currency\":\"GBP\"},\"net\":{\"value\":4.62,\"currency\":\"USD\"},\"listingAmount\":{\"value\":3.95,\"currency\":\"GBP\"},\"creationDate\":{\"value\":\"2022-08-17T19:01:49.000Z\"},\"lastModifiedDate\":{\"value\":\"2022-08-18T23:44:20.000Z\"},\"hasDetail\":true,\"salesRecordNumber\":0,\"exchangeRate\":1.17014,\"convertedFromAmount\":{\"value\":3.95,\"currency\":\"GBP\"},\"fxAmount\":{\"convertedFrom\":{\"value\":3.95,\"currency\":\"GBP\"},\"convertedTo\":{\"value\":4.62,\"currency\":\"USD\"}},\"dbType\":\"NUDATA\",\"feeNetted\":true}]}",
    "headers" : {
      "rlogid" : "t6shrtkuuq%60fiiw%3F%3Cwnquosvpd%60jhs.022e2e34%3D0*4iwki-18927513983-0x2355",
      "x-ebay-request-id" : "18927513-9890-a09d-d3a4-b186ffff96c7!Ginger.v2.get_transactions.GET!pmtshpsvccont-545f7c4786-7lqlj!r1pmtshpsvccont[]",
      "x-content-type-options" : "nosniff",
      "x-xss-protection" : "1; mode=block",
      "cache-control" : "no-cache, no-store, max-age=0, must-revalidate",
      "pragma" : "no-cache",
      "expires" : "0",
      "x-frame-options" : "DENY",
      "vary" : "accept-encoding",
      "content-type" : "application/json",
      "date" : "Wed, 05 Jul 2023 18:29:43 GMT",
      "x-envoy-upstream-service-time" : "1860",
      "server" : "ebay server"
    }
  },
  "uuid" : "d1013221-5b8d-47bc-a162-a1fea3dc1f6a",
  "persistent" : true
}